INSERT IGNORE INTO maikos (id, name, image_name, description, price, capacity, postal_code, address, phone_number) VALUES (1, '陽葵', 'maiko01.jpg', '日本舞踊、三味線、お茶、歌唱、お話し相手', 6000, 2, '073-0145', '北海道砂川市西五条南X-XX-XX', '012-345-678');
INSERT IGNORE INTO maikos (id, name, image_name, description, price, capacity, postal_code, address, phone_number) VALUES (2, '凛', 'maiko02.jpg', '日本舞踊、三味線、お茶、歌唱、お話し相手', 7000, 3, '030-0945', '青森県青森市桜川X-XX-XX', '012-345-678');
INSERT IGNORE INTO maikos (id, name, image_name, description, price, capacity, postal_code, address, phone_number) VALUES (3, '翠', 'maiko03.jpg', '日本舞踊、三味線、お茶、歌唱、お話し相手', 8000, 4, '029-5618', '岩手県和賀郡西和賀町沢内両沢X-XX-XX', '012-345-678');
INSERT IGNORE INTO maikos (id, name, image_name, description, price, capacity, postal_code, address, phone_number) VALUES (4, '紬', 'maiko04.jpg', '日本舞踊、三味線、お茶、歌唱、お話し相手', 9000, 5, '989-0555', '宮城県刈田郡七ヶ宿町滝ノ上X-XX-XX', '012-345-678');
INSERT IGNORE INTO maikos (id, name, image_name, description, price, capacity, postal_code, address, phone_number) VALUES (5, '結菜', 'maiko05.jpg', '日本舞踊、三味線、お茶、歌唱、お話し相手', 10000, 6, '018-2661', '秋田県山本郡八峰町八森浜田X-XX-XX', '012-345-678');
INSERT IGNORE INTO maikos (id, name, image_name, description, price, capacity, postal_code, address, phone_number) VALUES (6, '陽菜', 'maiko06.jpg', '日本舞踊、三味線、お茶、歌唱、お話し相手', 6000, 2, '999-6708', '山形県酒田市泉興野X-XX-XX', '012-345-678');
INSERT IGNORE INTO maikos (id, name, image_name, description, price, capacity, postal_code, address, phone_number) VALUES (7, '芽依', 'maiko07.jpg', '日本舞踊、三味線、お茶、歌唱、お話し相手', 7000, 3, '969-5147', '福島県会津若松市大戸町芦牧X-XX-XX', '012-345-678');
INSERT IGNORE INTO maikos (id, name, image_name, description, price, capacity, postal_code, address, phone_number) VALUES (8, '葵', 'maiko08.jpg', '日本舞踊、三味線、お茶、歌唱、お話し相手', 8000, 4, '310-0021', '茨城県水戸市南町X-XX-XX', '012-345-678');
INSERT IGNORE INTO maikos (id, name, image_name, description, price, capacity, postal_code, address, phone_number) VALUES (9, '結愛', 'maiko09.jpg', '日本舞踊、三味線、お茶、歌唱、お話し相手', 9000, 5, '323-1101', '栃木県下都賀郡藤岡町大前X-XX-XX', '012-345-678');
INSERT IGNORE INTO maikos (id, name, image_name, description, price, capacity, postal_code, address, phone_number) VALUES (10, '莉子', 'maiko10.jpg', '日本舞踊、三味線、お茶、歌唱、お話し相手', 10000, 6, '370-0806', '群馬県高崎市上和田町X-XX-XX', '012-345-678');
INSERT IGNORE INTO maikos (id, name, image_name, description, price, capacity, postal_code, address, phone_number) VALUES (11, '咲茉', 'maiko01.jpg', '日本舞踊、三味線、お茶、歌唱、お話し相手', 6000, 2, '344-0125', '埼玉県春日部市飯沼X-XX-XX', '012-345-678');
INSERT IGNORE INTO maikos (id, name, image_name, description, price, capacity, postal_code, address, phone_number) VALUES (12, '澪', 'maiko02.jpg', '日本舞踊、三味線、お茶、歌唱、お話し相手', 7000, 3, '272-0011', '千葉県市川市高谷新町X-XX-XX', '012-345-678');
INSERT IGNORE INTO maikos (id, name, image_name, description, price, capacity, postal_code, address, phone_number) VALUES (13, '琴葉', 'maiko03.jpg', '日本舞踊、三味線、お茶、歌唱、お話し相手', 8000, 4, '130-0023', '東京都墨田区立川X-XX-XX', '012-345-678');
INSERT IGNORE INTO maikos (id, name, image_name, description, price, capacity, postal_code, address, phone_number) VALUES (14, '杏', 'maiko04.jpg', '日本舞踊、三味線、お茶、歌唱、お話し相手', 9000, 5, '240-0006', '神奈川県横浜市保土ヶ谷区星川X-XX-XX', '012-345-678');
INSERT IGNORE INTO maikos (id, name, image_name, description, price, capacity, postal_code, address, phone_number) VALUES (15, '結月', 'maiko05.jpg', '日本舞踊、三味線、お茶、歌唱、お話し相手', 10000, 6, '950-0201', '新潟県新潟市駒込X-XX-XX', '012-345-678');
INSERT IGNORE INTO maikos (id, name, image_name, description, price, capacity, postal_code, address, phone_number) VALUES (16, '彩葉', 'maiko06.jpg', '日本舞踊、三味線、お茶、歌唱、お話し相手', 6000, 2, '939-8155', '富山県富山市江本X-XX-XX', '012-345-678');
INSERT IGNORE INTO maikos (id, name, image_name, description, price, capacity, postal_code, address, phone_number) VALUES (17, '咲良', 'maiko07.jpg', '日本舞踊、三味線、お茶、歌唱、お話し相手', 7000, 3, '929-0111', '石川県能美市吉原町X-XX-XX', '012-345-678');
INSERT IGNORE INTO maikos (id, name, image_name, description, price, capacity, postal_code, address, phone_number) VALUES (18, '紬希', 'maiko08.jpg', '日本舞踊、三味線、お茶、歌唱、お話し相手', 8000, 4, '910-2354', '福井県福井市東天田町X-XX-XX', '012-345-678');
INSERT IGNORE INTO maikos (id, name, image_name, description, price, capacity, postal_code, address, phone_number) VALUES (19, '心陽', 'maiko09.jpg', '日本舞踊、三味線、お茶、歌唱、お話し相手', 9000, 5, '403-0003', '山梨県富士吉田市大明見X-XX-XX', '012-345-678');
INSERT IGNORE INTO maikos (id, name, image_name, description, price, capacity, postal_code, address, phone_number) VALUES (20, '侍荘', 'maiko10.jpg', '日本舞踊、三味線、お茶、歌唱、お話し相手', 10000, 6, '395-0017', '長野県飯田市東新町X-XX-XX', '012-345-678');
INSERT IGNORE INTO maikos (id, name, image_name, description, price, capacity, postal_code, address, phone_number) VALUES (21, '詩', 'maiko01.jpg', '日本舞踊、三味線、お茶、歌唱、お話し相手', 6000, 2, '509-5147', '岐阜県土岐市泉郷町X-XX-XX', '012-345-678');
INSERT IGNORE INTO maikos (id, name, image_name, description, price, capacity, postal_code, address, phone_number) VALUES (22, '凪', 'maiko02.jpg', '日本舞踊、三味線、お茶、歌唱、お話し相手', 7000, 3, '434-0002', '静岡県浜松市尾野X-XX-XX', '012-345-678');
INSERT IGNORE INTO maikos (id, name, image_name, description, price, capacity, postal_code, address, phone_number) VALUES (23, '結衣', 'maiko03.jpg', '日本舞踊、三味線、お茶、歌唱、お話し相手', 8000, 4, '444-3261', '愛知県豊田市東大林町X-XX-XX', '012-345-678');
INSERT IGNORE INTO maikos (id, name, image_name, description, price, capacity, postal_code, address, phone_number) VALUES (24, '美桜', 'maiko04.jpg', '日本舞踊、三味線、お茶、歌唱、お話し相手', 9000, 5, '510-0201', '三重県鈴鹿市稲生町X-XX-XX', '012-345-678');
INSERT IGNORE INTO maikos (id, name, image_name, description, price, capacity, postal_code, address, phone_number) VALUES (25, '紗菜', 'maiko05.jpg', '日本舞踊、三味線、お茶、歌唱、お話し相手', 10000, 6, '520-2353', '滋賀県野洲市久野部X-XX-XX', '012-345-678');
INSERT IGNORE INTO maikos (id, name, image_name, description, price, capacity, postal_code, address, phone_number) VALUES (26, '紬葵', 'maiko06.jpg', '日本舞踊、三味線、お茶、歌唱、お話し相手', 6000, 2, '612-8369', '京都府京都市伏見区村上町X-XX-XX', '012-345-678');
INSERT IGNORE INTO maikos (id, name, image_name, description, price, capacity, postal_code, address, phone_number) VALUES (27, '凜', 'maiko07.jpg', '日本舞踊、三味線、お茶、歌唱、お話し相手', 7000, 3, '578-0915', '大阪府東大阪市古箕輪X-XX-XX', '012-345-678');
INSERT IGNORE INTO maikos (id, name, image_name, description, price, capacity, postal_code, address, phone_number) VALUES (28, '心春', 'maiko08.jpg', '日本舞踊、三味線、お茶、歌唱、お話し相手', 8000, 4, '655-0891', '兵庫県神戸市垂水区山手X-XX-XX', '012-345-678');
INSERT IGNORE INTO maikos (id, name, image_name, description, price, capacity, postal_code, address, phone_number) VALUES (29, '凪咲', 'maiko09.jpg', '日本舞踊、三味線、お茶、歌唱、お話し相手', 9000, 5, '630-1126', '奈良県奈良市法用町X-XX-XX', '012-345-678');
INSERT IGNORE INTO maikos (id, name, image_name, description, price, capacity, postal_code, address, phone_number) VALUES (30, '莉緒', 'maiko10.jpg', '日本舞踊、三味線、お茶、歌唱、お話し相手', 10000, 6, '640-8319', '和歌山県和歌山市手平X-XX-XX', '012-345-678');
INSERT IGNORE INTO maikos (id, name, image_name, description, price, capacity, postal_code, address, phone_number) VALUES (31, '莉央', 'maiko01.jpg', '日本舞踊、三味線、お茶、歌唱、お話し相手', 6000, 2, '689-2203', '鳥取県東伯郡北栄町原X-XX-XX', '012-345-678');
INSERT IGNORE INTO maikos (id, name, image_name, description, price, capacity, postal_code, address, phone_number) VALUES (32, '柚葉', 'maiko02.jpg', '日本舞踊、三味線、お茶、歌唱、お話し相手', 7000, 3, '694-0035', '島根県大田市五十猛町X-XX-XX', '012-345-678');
INSERT IGNORE INTO maikos (id, name, image_name, description, price, capacity, postal_code, address, phone_number) VALUES (33, '芽生', 'maiko03.jpg', '日本舞踊、三味線、お茶、歌唱、お話し相手', 8000, 4, '712-8036', '岡山県倉敷市水島西弥生町X-XX-XX', '012-345-678');
INSERT IGNORE INTO maikos (id, name, image_name, description, price, capacity, postal_code, address, phone_number) VALUES (34, '風花', 'maiko04.jpg', '日本舞踊、三味線、お茶、歌唱、お話し相手', 9000, 5, '726-0011', '広島県府中市広谷町X-XX-XX', '012-345-678');
INSERT IGNORE INTO maikos (id, name, image_name, description, price, capacity, postal_code, address, phone_number) VALUES (35, '依茉', 'maiko05.jpg', '日本舞踊、三味線、お茶、歌唱、お話し相手', 10000, 6, '750-0451', '山口県下関市豊田町阿座上X-XX-XX', '012-345-678');
INSERT IGNORE INTO maikos (id, name, image_name, description, price, capacity, postal_code, address, phone_number) VALUES (36, '陽菜乃', 'maiko06.jpg', '日本舞踊、三味線、お茶、歌唱、お話し相手', 6000, 2, '778-0004', '徳島県三好市池田町X-XX-XX', '012-345-678');
INSERT IGNORE INTO maikos (id, name, image_name, description, price, capacity, postal_code, address, phone_number) VALUES (37, '紗奈', 'maiko07.jpg', '日本舞踊、三味線、お茶、歌唱、お話し相手', 7000, 3, '762-0067', '香川県坂出市瀬居町X-XX-XX', '012-345-678');
INSERT IGNORE INTO maikos (id, name, image_name, description, price, capacity, postal_code, address, phone_number) VALUES (38, '一華', 'maiko08.jpg', '日本舞踊、三味線、お茶、歌唱、お話し相手', 8000, 4, '792-0828', '愛媛県新居浜市松原町X-XX-XX', '012-345-678');
INSERT IGNORE INTO maikos (id, name, image_name, description, price, capacity, postal_code, address, phone_number) VALUES (39, '美月', 'maiko09.jpg', '日本舞踊、三味線、お茶、歌唱、お話し相手', 9000, 5, '787-1323', '高知県四万十市西土佐中半X-XX-XX', '012-345-678');
INSERT IGNORE INTO maikos (id, name, image_name, description, price, capacity, postal_code, address, phone_number) VALUES (40, '楓', 'maiko10.jpg', '日本舞踊、三味線、お茶、歌唱、お話し相手', 10000, 6, '835-0018', '福岡県みやま市瀬高町高柳X-XX-XX', '012-345-678');
INSERT IGNORE INTO maikos (id, name, image_name, description, price, capacity, postal_code, address, phone_number) VALUES (41, '茉白', 'maiko01.jpg', '日本舞踊、三味線、お茶、歌唱、お話し相手', 6000, 2, '840-0213', '佐賀県佐賀市大和町久留間X-XX-XX', '012-345-678');
INSERT IGNORE INTO maikos (id, name, image_name, description, price, capacity, postal_code, address, phone_number) VALUES (42, '心晴', 'maiko02.jpg', '日本舞踊、三味線、お茶、歌唱、お話し相手', 7000, 3, '852-8104', '長崎県長崎市茂里町X-XX-XX', '012-345-678');
INSERT IGNORE INTO maikos (id, name, image_name, description, price, capacity, postal_code, address, phone_number) VALUES (43, '心結', 'maiko03.jpg', '日本舞踊、三味線、お茶、歌唱、お話し相手', 8000, 4, '863-0021', '熊本県天草市港町X-XX-XX', '012-345-678');
INSERT IGNORE INTO maikos (id, name, image_name, description, price, capacity, postal_code, address, phone_number) VALUES (44, '蘭', 'maiko04.jpg', '日本舞踊、三味線、お茶、歌唱、お話し相手', 9000, 5, '872-0014', '大分県宇佐市南鶴田新田X-XX-XX', '012-345-678');
INSERT IGNORE INTO maikos (id, name, image_name, description, price, capacity, postal_code, address, phone_number) VALUES (45, '乃愛', 'maiko05.jpg', '日本舞踊、三味線、お茶、歌唱、お話し相手', 10000, 6, '880-0947', '宮崎県宮崎市薫る坂X-XX-XX', '012-345-678');
INSERT IGNORE INTO maikos (id, name, image_name, description, price, capacity, postal_code, address, phone_number) VALUES (46, '朱莉', 'maiko06.jpg', '日本舞踊、三味線、お茶、歌唱、お話し相手', 6000, 2, '895-2103', '鹿児島県薩摩郡さつま町紫尾X-XX-XX', '012-345-678');
INSERT IGNORE INTO maikos (id, name, image_name, description, price, capacity, postal_code, address, phone_number) VALUES (47, '愛茉', 'maiko07.jpg', '日本舞踊、三味線、お茶、歌唱、お話し相手', 7000, 3, '904-2165', '沖縄県沖縄市宮里X-XX-XX', '012-345-678');
INSERT IGNORE INTO maikos (id, name, image_name, description, price, capacity, postal_code, address, phone_number) VALUES (48, '絃葉', 'maiko08.jpg', '日本舞踊、三味線、お茶、歌唱、お話し相手', 8000, 4, '041-1121', '北海道亀田郡七飯町大中山X-XX-XX', '012-345-678');
INSERT IGNORE INTO maikos (id, name, image_name, description, price, capacity, postal_code, address, phone_number) VALUES (49, '莉愛', 'maiko09.jpg', '日本舞踊、三味線、お茶、歌唱、お話し相手', 9000, 5, '095-0019', '北海道士別市大通東X-XX-XX', '012-345-678');
INSERT IGNORE INTO maikos (id, name, image_name, description, price, capacity, postal_code, address, phone_number) VALUES (50, '光莉', 'maiko10.jpg', '日本舞踊、三味線、お茶、歌唱、お話し相手', 10000, 6, '099-0423', '北海道紋別郡遠軽町若松X-XX-XX', '012-345-678');
INSERT IGNORE INTO maikos (id, name, image_name, description, price, capacity, postal_code, address, phone_number) VALUES (51, '柚乃', 'maiko01.jpg', '日本舞踊、三味線、お茶、歌唱、お話し相手', 6000, 2, '089-0533', '北海道中川郡幕別町札内新北町X-XX-XX', '012-345-678');
INSERT IGNORE INTO maikos (id, name, image_name, description, price, capacity, postal_code, address, phone_number) VALUES (52, '結', 'maiko02.jpg', '日本舞踊、三味線、お茶、歌唱、お話し相手', 7000, 3, '049-3514', '北海道山越郡長万部町富野X-XX-XX', '012-345-678');
INSERT IGNORE INTO maikos (id, name, image_name, description, price, capacity, postal_code, address, phone_number) VALUES (53, '凪紗', 'maiko03.jpg', '日本舞踊、三味線、お茶、歌唱、お話し相手', 8000, 4, '066-0018', '北海道千歳市旭ヶ丘X-XX-XX', '012-345-678');
INSERT IGNORE INTO maikos (id, name, image_name, description, price, capacity, postal_code, address, phone_number) VALUES (54, '美結', 'maiko04.jpg', '日本舞踊、三味線、お茶、歌唱、お話し相手', 9000, 5, '003-0804', '北海道札幌市白石区菊水四条X-XX-XX', '012-345-678');
INSERT IGNORE INTO maikos (id, name, image_name, description, price, capacity, postal_code, address, phone_number) VALUES (55, '鈴', 'maiko05.jpg', '日本舞踊、三味線、お茶、歌唱、お話し相手', 10000, 6, '042-0908', '北海道函館市銅山町X-XX-XX', '012-345-678');
INSERT IGNORE INTO maikos (id, name, image_name, description, price, capacity, postal_code, address, phone_number) VALUES (56, '琴音', 'maiko06.jpg', '日本舞踊、三味線、お茶、歌唱、お話し相手', 6000, 2, '050-0061', '北海道室蘭市八丁平X-XX-XX', '012-345-678');
INSERT IGNORE INTO maikos (id, name, image_name, description, price, capacity, postal_code, address, phone_number) VALUES (57, '菫', 'maiko07.jpg', '日本舞踊、三味線、お茶、歌唱、お話し相手', 7000, 3, '059-0027', '北海道登別市青葉町X-XX-XX', '012-345-678');

-- rolesテーブル
INSERT IGNORE INTO roles (id, name) VALUES (1, 'ROLE_GENERAL');
INSERT IGNORE INTO roles (id, name) VALUES (2, 'ROLE_ADMIN');

-- usersテーブル
INSERT IGNORE INTO users (id, name, furigana, postal_code, address, phone_number, email, password, role_id, enabled) VALUES (1, '舞妓 太郎', 'マイコ タロウ', '101-0022', '東京都千代田区神田練塀町300番地', '090-1234-5678', 'taro.maiko@example.com', '$2a$10$2JNjTwZBwo7fprL2X4sv.OEKqxnVtsVQvuXDkI8xVGix.U3W5B7CO', 1, true);
INSERT IGNORE INTO users (id, name, furigana, postal_code, address, phone_number, email, password, role_id, enabled) VALUES (2, '舞妓 花子', 'マイコ ハナコ', '101-0022', '東京都千代田区神田練塀町300番地', '090-1234-5678', 'hanako.maiko@example.com', '$2a$10$2JNjTwZBwo7fprL2X4sv.OEKqxnVtsVQvuXDkI8xVGix.U3W5B7CO', 2, true);
INSERT IGNORE INTO users (id, name, furigana, postal_code, address, phone_number, email, password, role_id, enabled) VALUES (3, '舞妓 義勝', 'マイコ ヨシカツ', '638-0644', '奈良県五條市西吉野町湯川X-XX-XX', '090-1234-5678', 'yoshikatsu.maiko@example.com', 'password', 1, false);
INSERT IGNORE INTO users (id, name, furigana, postal_code, address, phone_number, email, password, role_id, enabled) VALUES (4, '舞妓 幸美', 'マイコ サチミ', '342-0006', '埼玉県吉川市南広島X-XX-XX', '090-1234-5678', 'sachimi.maiko@example.com', 'password', 1, false);
INSERT IGNORE INTO users (id, name, furigana, postal_code, address, phone_number, email, password, role_id, enabled) VALUES (5, '舞妓 雅', 'マイコ ミヤビ', '527-0209', '滋賀県東近江市佐目町X-XX-XX', '090-1234-5678', 'miyabi.maiko@example.com', 'password', 1, false);
INSERT IGNORE INTO users (id, name, furigana, postal_code, address, phone_number, email, password, role_id, enabled) VALUES (6, '舞妓 正保', 'マイコ マサヤス', '989-1203', '宮城県柴田郡大河原町旭町X-XX-XX', '090-1234-5678', 'masayasu.maiko@example.com', 'password', 1, false);
INSERT IGNORE INTO users (id, name, furigana, postal_code, address, phone_number, email, password, role_id, enabled) VALUES (7, '舞妓 真由美', 'マイコ マユミ', '951-8015', '新潟県新潟市松岡町X-XX-XX', '090-1234-5678', 'mayumi.maiko@example.com', 'password', 1, false);
INSERT IGNORE INTO users (id, name, furigana, postal_code, address, phone_number, email, password, role_id, enabled) VALUES (8, '舞妓 安民', 'マイコ ヤスタミ', '241-0033', '神奈川県横浜市旭区今川町X-XX-XX', '090-1234-5678', 'yasutami.maiko@example.com', 'password', 1, false);
INSERT IGNORE INTO users (id, name, furigana, postal_code, address, phone_number, email, password, role_id, enabled) VALUES (9, '舞妓 章緒', 'マイコ アキオ', '739-2103', '広島県東広島市高屋町宮領X-XX-XX', '090-1234-5678', 'akio.maiko@example.com', 'password', 1, false);
INSERT IGNORE INTO users (id, name, furigana, postal_code, address, phone_number, email, password, role_id, enabled) VALUES (10, '舞妓 祐子', 'マイコ ユウコ', '601-0761', '京都府南丹市美山町高野X-XX-XX', '090-1234-5678', 'yuko.maiko@example.com', 'password', 1, false);
INSERT IGNORE INTO users (id, name, furigana, postal_code, address, phone_number, email, password, role_id, enabled) VALUES (11, '舞妓 秋美', 'マイコ アキミ', '606-8235', '京都府京都市左京区田中西春菜町X-XX-XX', '090-1234-5678', 'akimi.maiko@example.com', 'password', 1, false);
INSERT IGNORE INTO users (id, name, furigana, postal_code, address, phone_number, email, password, role_id, enabled) VALUES (12, '舞妓 信平', 'マイコ シンペイ', '673-1324', '兵庫県加東市新定X-XX-XX', '090-1234-5678', 'shinpei.maiko@example.com', 'password', 1, false);
-- reservationsテーブル
INSERT IGNORE INTO reservations (id, maiko_id, user_id, checkin_date, checkout_date, number_of_people, amount) VALUES (1, 1, 1, '2023-04-01', '2023-04-02', 2, 6000);
INSERT IGNORE INTO reservations (id, maiko_id, user_id, checkin_date, checkout_date, number_of_people, amount) VALUES (2, 2, 1, '2023-04-01', '2023-04-02', 3, 7000);
INSERT IGNORE INTO reservations (id, maiko_id, user_id, checkin_date, checkout_date, number_of_people, amount) VALUES (3, 3, 1, '2023-04-01', '2023-04-02', 4, 8000);
INSERT IGNORE INTO reservations (id, maiko_id, user_id, checkin_date, checkout_date, number_of_people, amount) VALUES (4, 4, 1, '2023-04-01', '2023-04-02', 5, 9000);
INSERT IGNORE INTO reservations (id, maiko_id, user_id, checkin_date, checkout_date, number_of_people, amount) VALUES (5, 5, 1, '2023-04-01', '2023-04-02', 6, 10000);
INSERT IGNORE INTO reservations (id, maiko_id, user_id, checkin_date, checkout_date, number_of_people, amount) VALUES (6, 6, 1, '2023-04-01', '2023-04-02', 2, 6000);
INSERT IGNORE INTO reservations (id, maiko_id, user_id, checkin_date, checkout_date, number_of_people, amount) VALUES (7, 7, 1, '2023-04-01', '2023-04-02', 3, 7000);
INSERT IGNORE INTO reservations (id, maiko_id, user_id, checkin_date, checkout_date, number_of_people, amount) VALUES (8, 8, 1, '2023-04-01', '2023-04-02', 4, 8000);
INSERT IGNORE INTO reservations (id, maiko_id, user_id, checkin_date, checkout_date, number_of_people, amount) VALUES (9, 9, 1, '2023-04-01', '2023-04-02', 5, 9000);
INSERT IGNORE INTO reservations (id, maiko_id, user_id, checkin_date, checkout_date, number_of_people, amount) VALUES (10, 10, 1, '2023-04-01', '2023-04-02', 6, 10000);
INSERT IGNORE INTO reservations (id, maiko_id, user_id, checkin_date, checkout_date, number_of_people, amount) VALUES (11, 11, 1, '2023-04-01', '2023-04-02', 2, 6000);
-- reviewテーブル
INSERT IGNORE INTO reviews (maiko_id, user_id, rating, user_comment) VALUES (1, 1, 5, '楽しかったです。');
INSERT IGNORE INTO reviews (maiko_id, user_id, rating, user_comment) VALUES (2, 2, 4, 'とても楽しい人でした。');
INSERT IGNORE INTO reviews (maiko_id, user_id, rating, user_comment) VALUES (1, 3, 3, 'よかったです');
INSERT IGNORE INTO reviews (maiko_id, user_id, rating, user_comment) VALUES (3, 4, 5, '楽しい');
INSERT IGNORE INTO reviews (maiko_id, user_id, rating, user_comment) VALUES (2, 5, 2, 'また呼びたいです');
INSERT IGNORE INTO reviews (maiko_id, user_id, rating, user_comment) VALUES (3, 6, 4, '綺麗な人でした');